{
	"format_version": "1.8.0",
	"animations": {
		"animation.jotarooutfit.moving": {
			"loop": true,
			"animation_length": 0.48,
			"bones": {
				"rightLeg": {
					"rotation": {
						"0.0": {
							"vector": [28.99769, 12.60652, 21.24074]
						},
						"0.24": {
							"vector": [37.04385, 8.4372, 26.96126]
						},
						"0.48": {
							"vector": [28.99769, 12.60652, 21.24074]
						}
					}
				},
				"leftLeg": {
					"rotation": {
						"0.0": {
							"vector": [28.99769, -12.60652, -21.24074]
						},
						"0.24": {
							"vector": [37.04385, -8.4372, -26.96126]
						},
						"0.48": {
							"vector": [28.99769, -12.60652, -21.24074]
						}
					}
				}
			}
		},
		"animation.jotarooutfit.idle": {
			"loop": true,
			"animation_length": 5
		}
	},
	"azurelib_format_version": 2
}